Book Id,Title,Author,Author l-f,Additional Authors,ISBN,ISBN13,My Rating,Publisher,Binding,Number of Pages,Year Published,Original Publication Year,Date Read,Date Added,Bookshelves,Bookshelves with positions,Exclusive Shelf,My Review,Spoiler,Private Notes,Read Count,Owned Copies
48551621,Sixtine - Book I,Caroline Vermalle,"Vermalle, Caroline",,"=""""","=""""",0,Caroline Vermalle,Kindle Edition,,2019,2013,2020/07/01,2020/06/16,did-not-finish,did-not-finish (#9),did-not-finish,,,,1,0
53042050,Deeplight,Frances Hardinge,"Hardinge, Frances",,"=""""","=""""",0,Macmillan Children's Books,Kindle Edition,432,2019,2019,,2020/06/16,did-not-finish,did-not-finish (#10),did-not-finish,,,,0,0
50701814,Beyond the Moon,Catherine    Taylor,"Taylor, Catherine",,"=""1916093205""","=""9781916093201""",0,The Cameo Press Ltd,Kindle Edition,496,2020,2019,,2020/06/15,did-not-finish,did-not-finish (#11),did-not-finish,,,,0,0
518848,"Sabriel (Abhorsen, #1)",Garth Nix,"Nix, Garth",,"=""0064471837""","=""9780064471831""",0,Harper Collins,Mass Market Paperback,491,1996,1995,,2016/03/13,did-not-finish,did-not-finish (#7),did-not-finish,,,,0,0
9460487,"Miss Peregrine's Home for Peculiar Children (Miss Peregrine's Peculiar Children, #1)",Ransom Riggs,"Riggs, Ransom",,"=""1594744769""","=""9781594744761""",0,Quirk,Hardcover,352,2011,2011,,2016/03/16,did-not-finish,did-not-finish (#13),did-not-finish,,,,0,0
35458733,The Silent Companions,Laura  Purcell,"Purcell, Laura",,"=""014313163X""","=""9780143131632""",0,Penguin Books,Paperback,305,2018,2017,,2018/09/18,did-not-finish,did-not-finish (#12),did-not-finish,,,,0,0
87273,"The Tin Princess (Sally Lockhart, #4)",Philip Pullman,"Pullman, Philip",,"=""0439977797""","=""9780439977791""",0,Scholastic,Paperback,304,2004,1994,,2015/09/26,did-not-finish,did-not-finish (#4),did-not-finish,,,,0,0
45100,"Ship of Magic (Liveship Traders, #1)",Robin Hobb,"Hobb, Robin",,"=""000649885X""","=""9780006498858""",0,Voyager,Mass Market Paperback,880,1999,1998,,2016/01/28,did-not-finish,did-not-finish (#5),did-not-finish,,,,0,0
65118,"The Hostile Hospital (A Series of Unfortunate Events, #8)",Lemony Snicket,"Snicket, Lemony",Brett Helquist,"=""1405206128""","=""9781405206129""",0,Egmont,Kindle Edition,272,2003,2001,,2015/08/11,did-not-finish,did-not-finish (#3),did-not-finish,,,,0,0
22833921,The Mermaid's Sister,Carrie Anne Noble,"Noble, Carrie Anne",,"=""1477820884""","=""9781477820889""",0,Skyscape,Paperback,236,2015,2015,,2015/12/09,did-not-finish,did-not-finish (#8),did-not-finish,,,,0,0
127455,"The Lies of Locke Lamora (Gentleman Bastard, #1)",Scott Lynch,"Lynch, Scott",,"=""0553804677""","=""9780553804676""",0,Bantam Spectra,Hardcover,499,2006,2006,,2015/01/13,did-not-finish,did-not-finish (#14),did-not-finish,,,,0,0
256683,"City of Bones (The Mortal Instruments, #1)",Cassandra Clare,"Clare, Cassandra",,"=""1416914285""","=""9781416914280""",2,Margaret K. McElderry Books,Hardcover,485,2007,2007,,2014/05/03,did-not-finish,did-not-finish (#6),did-not-finish,,,,0,0
14201,Jonathan Strange & Mr Norrell,Susanna Clarke,"Clarke, Susanna",,"=""""","=""""",0,Tor Books,Paperback,1006,2006,2004,,2011/07/31,did-not-finish,did-not-finish (#2),did-not-finish,,,,0,0
17234658,"A Thousand Pieces of You (Firebird, #1)",Claudia Gray,"Gray, Claudia",,"=""0062278967""","=""9780062278968""",0,Harper Teen,Hardcover,368,2014,2014,,2014/06/18,did-not-finish,did-not-finish (#1),did-not-finish,,,,0,0
25392947,"The Forgotten Mountain (The Collectors' Society, #3)",Heather Lyons,"Lyons, Heather",,"=""""","=""""",4,CeruleanBooks,ebook,,2015,,2015/12/22,2015/12/16,,,read,,,,1,0
36024,"Tim Burton's Nightmare Before Christmas: The Film, the Art, the Vision",Frank T. Thompson,"Thompson, Frank T.",Tim Burton,"=""0786853786""","=""9780786853786""",5,Hyperion,Paperback,192,2002,1993,,2012/06/16,,,read,,,,1,0
57953043,"A Narrow Door (Malbry, #4)",Joanne Harris,"Harris, Joanne",,"=""140918630X""","=""9781409186304""",0,Orion,Hardcover,448,2021,2021,,2022/01/09,currently-reading,currently-reading (#3),currently-reading,,,,1,0
49189216,The Sin Eater,Megan Campisi,"Campisi, Megan",,"=""1529019060""","=""9781529019063""",3,Mantle,Hardcover,368,2020,2020,2022/01/09,2020/09/04,,,read,,,,1,0
57297528,"Don't Laugh, It'll Only Encourage Her",Daisy May Cooper,"Cooper, Daisy May",,"=""0241503590""","=""9780241503591""",5,Michael Joseph,Paperback,320,2021,,2021/10/31,2021/10/31,,,read,,,,2,0
53152636,Mexican Gothic,Silvia Moreno-Garcia,"Moreno-Garcia, Silvia",,"=""0525620788""","=""9780525620785""",3,Del Rey,Hardcover,320,2020,2020,2021/10/02,2021/07/27,,,read,,,,1,0
186074,"The Name of the Wind (The Kingkiller Chronicle, #1)",Patrick Rothfuss,"Rothfuss, Patrick",,"=""075640407X""","=""9780756404079""",0,Penguin Group DAW,Hardcover,662,2007,2007,,2021/07/27,to-read,to-read (#13),to-read,,,,0,0
20518872,"The Three-Body Problem (Remembrance of Earth’s Past, #1)",Liu Cixin,"Cixin, Liu",Ken Liu,"=""""","=""""",0,Tor Books,Hardcover,472,2014,2006,,2021/07/24,to-read,to-read (#12),to-read,,,,0,0
55481226,"Rabbits (Rabbits, #1)",Terry Miles,"Miles, Terry",,"=""1984819658""","=""9781984819659""",0,Del Rey,Hardcover,422,2021,2021,,2021/07/24,to-read,to-read (#11),to-read,,,,0,0
54493401,Project Hail Mary,Andy Weir,"Weir, Andy",,"=""0593135202""","=""9780593135204""",5,Ballantine Books,Hardcover,476,2021,2021,2021/07/24,2021/03/27,,,read,,,,1,0
20764879,"A Gathering of Shadows (Shades of Magic, #2)",V.E. Schwab,"Schwab, V.E.",Victoria Schwab,"=""0765376474""","=""9780765376473""",5,Tor,Hardcover,512,2016,2016,2021/07/05,2021/07/05,,,read,,,,1,0
53288434,The Lost Apothecary,Sarah Penner,"Penner, Sarah",,"=""0778311015""","=""9780778311010""",0,Park Row,Hardcover,301,2021,2021,,2021/03/27,to-read,to-read (#10),to-read,,,,0,0
49504061,The Once and Future Witches,Alix E. Harrow,"Harrow, Alix E.",,"=""0316422045""","=""9780316422048""",5,Redhook,Hardcover,517,2020,2020,2021/03/27,2021/02/23,,,read,,,,1,0
28692047,Montague Island Mysteries and Other Logic Puzzles,R. Wayne Schmittberger,"Schmittberger, R. Wayne",,"=""145491811X""","=""9781454918110""",0,Puzzlewright Press,Spiral-bound,96,2016,,,2021/03/14,to-read,to-read (#9),to-read,,,,0,0
33299154,Rotherweird (Rotherweird #1),Andrew Caldecott,"Caldecott, Andrew",Sasha Laika,"=""""","=""""",0,,ebook,480,2017,2017,,2021/02/23,currently-reading,currently-reading (#2),currently-reading,,,,1,0
46159063,The Betrayals,Bridget Collins,"Collins, Bridget",,"=""006283813X""","=""9780062838131""",3,William Morrow,Kindle Edition,419,2021,2020,2021/02/23,2021/02/23,,,read,,,,1,0
18007564,The Martian,Andy Weir,"Weir, Andy",,"=""0804139024""","=""9780804139021""",4,Crown Publishers,Hardcover,369,2014,2011,2021/02/21,2021/02/22,,,read,,,,1,0
16101023,"Proxy (Proxy, #1)",Alex London,"London, Alex",C. Alexander London,"=""0399257764""","=""9780399257766""",0,Philomel Books,Hardcover,384,2013,2013,,2021/02/07,to-read,to-read (#8),to-read,,,,0,0
48829708,"To Sleep in a Sea of Stars (Fractalverse, #1)",Christopher Paolini,"Paolini, Christopher",,"=""1250762847""","=""9781250762849""",0,Tor Books,Hardcover,880,2020,2020,,2021/01/29,to-read,to-read (#7),to-read,,,,0,0
50623864,The Invisible Life of Addie LaRue,V.E. Schwab,"Schwab, V.E.",Victoria Schwab,"=""0765387565""","=""9780765387561""",5,Tor Books,Hardcover,448,2020,2020,2021/01/21,2020/10/18,,,read,,,,2,0
32571395,"One of Us Is Lying (One of Us is Lying, #1)",Karen M. McManus,"McManus, Karen M.",,"=""""","=""""",4,Delacorte Press,ebook,360,2017,2017,2020/12/23,2020/03/23,,,read,,,,1,0
41035725,The Psychology of Time Travel,Kate Mascarenhas,"Mascarenhas, Kate",,"=""1683319443""","=""9781683319443""",5,Crooked Lane Books,Hardcover,336,2019,2018,2020/12/23,2020/07/01,,,read,,,,1,0
53914972,The Windsor Knot,S.J.  Bennett,"Bennett, S.J.",,"=""0063050005""","=""9780063050006""",3,William Morrow,Hardcover,288,2021,2020,2020/12/23,2020/12/10,,,read,,,,1,0
38225791,Two Can Keep a Secret,Karen M. McManus,"McManus, Karen M.",,"=""1524714720""","=""9781524714727""",5,Delacorte Press,Hardcover,329,2019,2019,2020/12/09,2020/11/24,,,read,,,,1,0
14497,"Neverwhere (London Below, #1)",Neil Gaiman,"Gaiman, Neil",,"=""0060557818""","=""9780060557812""",0,William Morrow Paperbacks,Paperback,370,2003,1996,,2020/12/06,to-read,to-read (#6),to-read,,,,0,0
22055262,"A Darker Shade of Magic (Shades of Magic, #1)",V.E. Schwab,"Schwab, V.E.",Victoria Schwab,"=""0765376458""","=""9780765376459""",0,Tor,Hardcover,400,2015,2015,,2020/11/22,to-read,to-read (#5),to-read,,,,0,0
44654627,"One of Us Is Next (One of Us Is Lying, #2)",Karen M. McManus,"McManus, Karen M.",,"=""0525707964""","=""9780525707967""",4,Delacorte Press for Young Readers,Hardcover,377,2020,2020,2020/11/22,2020/10/22,,,read,,,,1,0
15793158,"A Murder at Rosamund's Gate  (Lucy Campion Mysteries, #1)",Susanna Calkins,"Calkins, Susanna",,"=""1250007909""","=""9781250007902""",0,Minotaur Books,Hardcover,352,2013,2013,,2020/11/17,to-read,to-read (#4),to-read,,,,0,0
25370829,At the Water's Edge,Sara Gruen,"Gruen, Sara",,"=""1473604702""","=""9781473604704""",0,Two Roads,Hardcover,400,2015,2015,,2015/04/20,,,read,,,,1,0
29589074,"Truly, Devious (Truly Devious, #1)",Maureen Johnson,"Johnson, Maureen",,"=""""","=""""",0,HarperCollins,Hardcover,416,2018,2018,,2020/11/17,to-read,to-read (#3),to-read,,,,0,0
46000520,"The Thursday Murder Club (Thursday Murder Club, #1)",Richard Osman,"Osman, Richard",,"=""""","=""""",4,Penguin Books,Kindle Edition,382,2020,2020,2020/10/22,2020/10/02,,,read,,,,1,0
40539807,The Wolf and the Watchman,Niklas Natt och Dag,"Dag, Niklas Natt och",,"=""1501196774""","=""9781501196775""",0,Atria Books,Hardcover,384,2019,2017,,2020/10/11,to-read,to-read (#2),to-read,,,,0,0
51807232,"Troubled Blood (Cormoran Strike, #5)",Robert Galbraith,"Galbraith, Robert",J.K. Rowling,"=""0751579939""","=""9780751579932""",4,Sphere,Hardcover,944,2020,2020,2020/10/02,2020/10/02,,,read,,,,1,0
13542616,"Taken (Alex Verus, #3)",Benedict Jacka,"Jacka, Benedict",,"=""1937007723""","=""9781937007720""",0,Ace,Mass Market Paperback,313,2012,2012,,2020/09/10,currently-reading,currently-reading (#1),currently-reading,,,,1,0
13274082,"Cursed (Alex Verus, #2)",Benedict Jacka,"Jacka, Benedict",,"=""1937007596""","=""9781937007591""",3,Ace,Mass Market Paperback,293,2012,2012,2020/09/09,2020/07/21,,,read,,,,1,0
34928122,Artemis,Andy Weir,"Weir, Andy",,"=""0553448129""","=""9780553448122""",3,Crown,Hardcover,305,2017,2017,2020/07/21,2020/07/01,,,read,,,,1,0
11737387,"Fated (Alex Verus, #1)",Benedict Jacka,"Jacka, Benedict",,"=""1937007294""","=""9781937007294""",3,Ace,Mass Market Paperback,295,2012,2012,2020/06/10,2020/06/10,,,read,,,,1,0
34846987,The Toymakers,Robert Dinsdale,"Dinsdale, Robert",,"=""1473551609""","=""9781473551602""",4,Ebury Digital,Kindle Edition,469,2018,2018,2019/03/05,2019/02/18,,,read,,,,1,0
36337550,The 7½ Deaths of Evelyn Hardcastle,Stuart Turton,"Turton, Stuart",,"=""""","=""""",2,Sourcebooks Landmark,Hardcover,432,2018,2018,2019/02/18,2018/12/29,,,read,,,,1,0
36434556,Suicide Club,Rachel Heng,"Heng, Rachel",,"=""1250185343""","=""9781250185341""",3,Henry Holt and Co.,Hardcover,339,2018,2018,,2018/07/16,,,read,,,,1,0
13089710,"The Kill Order (The Maze Runner, #4)",James Dashner,"Dashner, James",,"=""0385742886""","=""9780385742887""",5,Delacorte Books for Young Readers,Hardcover,327,2012,2012,2018/03/07,2016/01/26,,,read,,,,1,0
20821087,The Paying Guests,Sarah Waters,"Waters, Sarah",,"=""1594633118""","=""9781594633119""",4,Riverhead Books,Hardcover,564,2014,2014,2018/03/07,2015/09/26,,,read,,,,1,0
17307704,Running Like a Girl,Alexandra Heminsley,"Heminsley, Alexandra",노지양,"=""0091944368""","=""9780091944360""",5,Hutchinson,Paperback,240,2013,2013,2017/12/18,2017/03/01,,,read,,,,1,0
249747,"Artemis Fowl (Artemis Fowl, #1)",Eoin Colfer,"Colfer, Eoin",,"=""""","=""""",3,Miramax,Paperback,396,2003,2001,,2011/01/05,,,read,,,,2,0
15783514,The Ocean at the End of the Lane,Neil Gaiman,"Gaiman, Neil",,"=""0062255657""","=""9780062255655""",2,William Morrow Books,Hardcover,181,2013,2013,,2016/11/29,,,read,,,,1,0
23209927,At the Water's Edge,Sara Gruen,"Gruen, Sara",,"=""0385523238""","=""9780385523233""",2,Spiegel & Grau,Hardcover,348,2015,2015,2016/10/28,2015/01/11,,,read,,,,1,0
29056083,"Harry Potter and the Cursed Child: Parts One and Two (Harry Potter, #8)",J.K. Rowling,"Rowling, J.K.","Jack Thorne, John Tiffany","=""0540027340""","=""9780540027347""",3,"Little, Brown",Hardcover,343,2016,2016,2016/07/31,2016/05/04,,,read,,,,1,0
1618,The Curious Incident of the Dog in the Night-Time,Mark Haddon,"Haddon, Mark",,"=""1400032717""","=""9781400032716""",4,Vintage,Paperback,226,2004,2003,2016/04/21,2015/12/30,,,read,,,,1,0
38709,"Holes (Holes, #1)",Louis Sachar,"Sachar, Louis",,"=""0439244196""","=""9780439244190""",4,Scholastic,Paperback,272,2000,1998,2016/01/01,2016/03/16,,,read,,,,1,0
10086357,"Rivers of London (Rivers of London, #1)",Ben Aaronovitch,"Aaronovitch, Ben",,"=""""","=""""",0,Gollancz,Paperback,392,2011,2011,,2015/04/08,,,read,,,,1,0
6,"Harry Potter and the Goblet of Fire (Harry Potter, #4)",J.K. Rowling,"Rowling, J.K.",Mary GrandPré,"=""0439139597""","=""9780439139595""",4,Scholastic,Paperback,734,2002,2000,2016/03/13,2011/01/05,favorites,favorites (#9),read,,,,1,0
16241160,Capital,John Lanchester,"Lanchester, John",,"=""0393345092""","=""9780393345094""",1,W. W. Norton & Company,Paperback,528,2013,2012,2016/02/11,2015/12/22,,,read,,,,1,0
7864437,"The Death Cure (The Maze Runner, #3)",James Dashner,"Dashner, James",,"=""0385738773""","=""9780385738774""",4,Delacorte Books for Young Readers,Hardcover,325,2011,2011,2016/01/26,2016/01/26,,,read,,,,1,0
7631105,"The Scorch Trials (The Maze Runner, #2)",James Dashner,"Dashner, James",,"=""0385738757""","=""9780385738750""",4,Delacorte Press,Hardcover,362,2010,2010,2016/01/26,2016/01/26,,,read,,,,1,0
6186357,"The Maze Runner (The Maze Runner, #1)",James Dashner,"Dashner, James",,"=""0385737947""","=""9780385737944""",4,Delacorte Press,Hardcover,384,2009,2009,2015/12/13,2016/01/13,,,read,,,,1,0
25735012,"Career of Evil (Cormoran Strike, #3)",Robert Galbraith,"Galbraith, Robert",,"=""0316349933""","=""9780316349932""",4,Mulholland Books,Hardcover,512,2015,2015,2015/12/18,2015/10/29,,,read,,,,1,0
24017512,"The Hidden Library (The Collectors' Society, #2)",Heather Lyons,"Lyons, Heather",,"=""0990843629""","=""9780990843627""",5,Cerulean Books,Kindle Edition,285,2015,,2015/12/03,2015/11/27,loved,loved (#2),read,,,,1,0
22735431,"The Collectors’ Society (The Collectors’ Society, #1)",Heather Lyons,"Lyons, Heather",,"=""0990843602""","=""9780990843603""",5,Cerulean Books,Kindle Edition,355,2014,2014,2015/11/27,2014/12/22,loved,loved (#1),read,,,,1,0
6671575,e Squared,Matt Beaumont,"Beaumont, Matt",,"=""0452295971""","=""9780452295971""",4,Penguin Publishing Group,Paperback,505,2010,2009,2015/11/11,2015/11/11,,,read,,,,1,0
140065,E.,Matt Beaumont,"Beaumont, Matt",,"=""000710068X""","=""9780007100682""",4,HarperCollins,Paperback,352,2000,2000,2015/11/09,2015/09/08,,,read,,,,1,0
7091488,"Dead in the Family (Sookie Stackhouse, #10)",Charlaine Harris,"Harris, Charlaine",,"=""0441018645""","=""9780441018642""",5,Ace Books,Hardcover,320,2010,2010,2015/09/26,2015/08/31,,,read,,,,1,0
25121768,The Watchmaker of Filigree Street,Natasha Pulley,"Pulley, Natasha",,"=""1408854287""","=""9781408854280""",4,Bloomsbury Circus,Hardcover,325,2015,2015,2015/09/08,2015/05/06,,,read,,,,1,0
150037,"The Vile Village (A Series of Unfortunate Events, #7)",Lemony Snicket,"Snicket, Lemony",Brett Helquist,"=""0060566221""","=""9780060566227""",3,HarperCollins Publishers ,Hardcover,272,2001,2001,2015/08/09,2015/08/11,,,read,,,,1,0
172327,"The Ersatz Elevator (A Series of Unfortunate Events, #6)",Lemony Snicket,"Snicket, Lemony",Tim Curry,"=""0060566213""","=""9780060566210""",3,HarperCollins Publishers ,Hardcover,259,2001,2001,2015/08/11,2015/07/16,,,read,,,,1,0
18652002,The Bees,Laline Paull,"Paull, Laline",,"=""0062331159""","=""9780062331151""",5,Ecco,Hardcover,340,2014,2014,2015/07/31,2015/06/22,,,read,,,,1,0
78418,"The Reptile Room (A Series of Unfortunate Events, #2)",Lemony Snicket,"Snicket, Lemony",Brett Helquist,"=""""","=""""",3,"Scholastic, Inc.",Paperback,192,1999,1999,2015/06/10,2015/06/10,,,read,,,,1,0
438492,"The Wide Window (A Series of Unfortunate Events, #3)",Lemony Snicket,"Snicket, Lemony",Brett Helquist,"=""0064407683""","=""9780064407687""",3,HarperCollins Publishers,Hardcover,214,2000,2000,2015/06/14,2015/06/14,,,read,,,,1,0
78411,"The Bad Beginning (A Series of Unfortunate Events, #1)",Lemony Snicket,"Snicket, Lemony",Brett Helquist,"=""0439206472""","=""9780439206471""",4,"Scholastic, Inc.",Paperback,162,1999,1999,2015/06/01,2015/06/01,,,read,,,,1,0
65119,"The Miserable Mill (A Series of Unfortunate Events, #4)",Lemony Snicket,"Snicket, Lemony",Brett Helquist,"=""0439272637""","=""9780439272636""",3,"Scholastic, Inc.",Paperback,194,2000,2000,2015/06/18,2015/06/18,,,read,,,,1,0
131123,"The Austere Academy (A Series of Unfortunate Events, #5)",Lemony Snicket,"Snicket, Lemony",Brett Helquist,"=""0064408639""","=""9780064408639""",3,HarperCollins,Hardcover,221,2000,2000,2015/07/14,2015/07/07,,,read,,,,1,0
18047651,The Miniaturist,Jessie Burton,"Burton, Jessie",,"=""1447250893""","=""9781447250890""",4,Picador,Hardcover,435,2014,2014,2015/06/17,2014/07/05,,,read,,,,1,0
15034320,"Pines (Wayward Pines, #1)",Blake Crouch,"Crouch, Blake",Paul Michael Garcia,"=""1469216000""","=""9781469216003""",0,Brilliance Audio,Audio CD,11,2012,2012,,2015/06/10,to-read,to-read (#2),to-read,,,,0,0
9317452,"Rivers of London (Rivers of London, #1)",Ben Aaronovitch,"Aaronovitch, Ben",,"=""0575097566""","=""9780575097568""",2,Gollancz,Hardcover,392,2011,2011,2015/06/01,2014/08/21,,,read,,,,1,0
8886511,Lovers and Players,Jackie Collins,"Collins, Jackie",,"=""1616840692""","=""9781616840693""",4,St. Martin's Press,Mass Market Paperback,560,2006,2005,2015/04/23,2015/04/15,,,read,,,,1,0
37442,"Wicked: The Life and Times of the Wicked Witch of the West (The Wicked Years, #1)",Gregory Maguire,"Maguire, Gregory",Douglas Smith,"=""""","=""""",4,ReganBooks,Paperback,406,2000,1995,2015/04/01,2011/01/05,,,read,,,,1,0
19103097,"The Magician's Land (The Magicians, #3)",Lev Grossman,"Grossman, Lev",,"=""""","=""""",5,Plume,ebook,402,2014,2014,2015/02/27,2014/08/01,,,read,,,,1,0
5161066,"Dead and Gone (Sookie Stackhouse, #9)",Charlaine Harris,"Harris, Charlaine",,"=""0441017150""","=""9780441017157""",3,Ace Books,Hardcover,320,2009,2009,2015/02/05,2015/01/27,,,read,,,,1,0
2233407,"From Dead to Worse (Sookie Stackhouse, #8)",Charlaine Harris,"Harris, Charlaine",,"=""0441015891""","=""9780441015894""",4,Ace Books,Hardcover,368,2008,2008,2015/01/27,2015/01/09,,,read,,,,1,0
107896,Starter for Ten,David Nicholls,"Nicholls, David",,"=""0345498127""","=""9780345498120""",4,Villard,Paperback,338,2007,2003,2015/01/11,2015/01/05,,,read,,,,1,0
140075,"All Together Dead (Sookie Stackhouse, #7)",Charlaine Harris,"Harris, Charlaine",,"=""0441014941""","=""9780441014941""",3,Ace Books,Hardcover,336,2007,2007,2015/01/09,2014/12/15,,,read,,,,1,0
13023,Alice in Wonderland,Jane Carruth,"Carruth, Jane","Lewis Carroll, Rene Cloke","=""0517223627""","=""9780517223628""",3,Gramercy,Hardcover,96,2004,1865,,2014/12/15,,,read,,,,1,0
17182139,The Silent Stars Go By,Dan Abnett,"Abnett, Dan",,"=""1849905177""","=""9781849905176""",2,BBC Books,Paperback,279,2013,2011,2014/12/15,2014/06/26,,,read,,,,1,0
140079,"Definitely Dead (Sookie Stackhouse, #6)",Charlaine Harris,"Harris, Charlaine",,"=""0441014917""","=""9780441014910""",2,Ace Books,Mass Market Paperback,324,2007,2006,2014/12/15,2014/11/19,,,read,,,,1,0
170210,"Dead as a Doornail (Sookie Stackhouse, #5)",Charlaine Harris,"Harris, Charlaine",,"=""0441013333""","=""9780441013333""",4,Ace Books,Mass Market Paperback,295,2006,2005,2014/11/19,2014/11/03,,,read,,,,1,0
140077,"Dead to the World (Sookie Stackhouse, #4)",Charlaine Harris,"Harris, Charlaine",,"=""0441012183""","=""9780441012183""",4,Ace Books,Mass Market Paperback,291,2005,2004,2014/11/03,2014/10/27,,,read,,,,1,0
140082,"Club Dead (Sookie Stackhouse, #3)",Charlaine Harris,"Harris, Charlaine",,"=""""","=""""",4,Orbit,Mass Market Paperback,274,2006,2003,2014/10/17,2014/10/07,,,read,,,,1,0
110494,"Living Dead in Dallas (Sookie Stackhouse, #2)",Charlaine Harris,"Harris, Charlaine",,"=""1841493007""","=""9781841493008""",4,Orbit,Mass Market Paperback,291,2004,2002,2014/10/06,2014/09/25,,,read,,,,1,0
301082,"Dead Until Dark (Sookie Stackhouse, #1)",Charlaine Harris,"Harris, Charlaine",,"=""0441008534""","=""9780441008537""",3,Ace Books,Mass Market Paperback,292,2001,2001,2014/09/25,2014/08/20,,,read,,,,1,0
38980,"The Princess Diaries (The Princess Diaries, #1)",Meg Cabot,"Cabot, Meg",,"=""0613371658""","=""9780613371650""",3,Turtleback,Library Binding,283,2001,2000,2001/01/01,2014/05/14,,,read,,,,1,0
18214414,"The Silkworm (Cormoran Strike, #2)",Robert Galbraith,"Galbraith, Robert",J.K. Rowling,"=""0316206873""","=""9780316206877""",4,Mulholland Books,Hardcover,464,2014,2014,2014/09/16,2014/08/26,,,read,,,,1,0
10079321,"The Magician King (The Magicians, #2)",Lev Grossman,"Grossman, Lev",,"=""043402080X""","=""9780434020805""",5,William Heinemann,Paperback,432,2011,2011,2014/09/08,2014/08/26,,,read,,,,1,0
6101718,"The Magicians (The Magicians, #1)",Lev Grossman,"Grossman, Lev",,"=""0670020559""","=""9780670020553""",4,Viking,Hardcover,402,2009,2009,2014/08/20,2012/07/16,,,read,,,,1,0
13538873,"Mr. Penumbra's 24-Hour Bookstore (Mr. Penumbra's 24-Hour Bookstore, #1)",Robin Sloan,"Sloan, Robin",,"=""0374214913""","=""9780374214913""",4,"Farrar, Straus and Giroux",Hardcover,288,2012,2012,2014/06/26,2014/06/04,,,read,,,,1,0
93436,The End of Mr. Y,Scarlett Thomas,"Thomas, Scarlett",,"=""0156031612""","=""9780156031615""",3,Mariner Books,Paperback,402,2006,2006,2014/06/04,2013/07/25,,,read,,,,1,0
1,"Harry Potter and the Half-Blood Prince (Harry Potter, #6)",J.K. Rowling,"Rowling, J.K.",,"=""""","=""""",4,Scholastic Inc,Paperback,652,2006,2005,,2010/05/18,,,read,,,,1,0
16160797,"The Cuckoo's Calling (Cormoran Strike, #1)",Robert Galbraith,"Galbraith, Robert",,"=""0316206849""","=""9780316206846""",4,Mulholland Books,Hardcover,456,2013,2013,2014/04/18,2014/03/06,,,read,,,,1,0
28187,"The Lightning Thief (Percy Jackson and the Olympians, #1)",Rick Riordan,"Riordan, Rick",,"=""0786838655""","=""9780786838653""",3,Disney Hyperion Books,Paperback,377,2006,2005,2014/03/06,2014/03/06,,,read,,,,1,0
11506091,The Night Circus,Erin Morgenstern,"Morgenstern, Erin",,"=""""","=""""",4,Doubleday,ebook,401,2011,2011,,2012/01/23,,,read,,,,1,0
8479792,"666 Park Avenue (666 Park Avenue, #1)",Gabriella Pierce,"Pierce, Gabriella",,"=""0061434779""","=""9780061434778""",3,William Morrow Paperbacks,Paperback,320,2011,2011,2013/07/16,2012/08/14,,,read,,,,1,0
2458340,Ape House,Sara Gruen,"Gruen, Sara",,"=""0385664443""","=""9780385664448""",4,Bond Street Books,Hardcover,303,2010,2010,2013/05/04,2013/05/12,,,read,,,,1,0
7260188,"Mockingjay (The Hunger Games, #3)",Suzanne Collins,"Collins, Suzanne",,"=""0439023513""","=""9780439023511""",3,Scholastic Press,Hardcover,390,2010,2010,2013/03/30,2012/07/16,,,read,,,,1,0
426803,Alice's Adventures in Wonderland and Through the Looking-Glass,Lewis Carroll,"Carroll, Lewis",John Tenniel,"=""0099512076""","=""9780099512073""",0,Vintage Classics,Paperback,336,2012,1871,,2010/01/13,,,read,,,,1,0
13144042,She's Gotta Be Mine (Cottonmouth #1),Jennifer Skully,"Skully, Jennifer",,"=""1626030286""","=""9781626030282""",0,Jasmine Haynes,Kindle Edition,287,2011,2004,,2013/02/28,,,read,,,,1,0
6148028,"Catching Fire (The Hunger Games, #2)",Suzanne Collins,"Collins, Suzanne",,"=""0439023491""","=""9780439023498""",3,Scholastic Press,Hardcover,391,2009,2009,2012/07/16,2012/03/15,,,read,,,,1,0
2767052,"The Hunger Games (The Hunger Games, #1)",Suzanne Collins,"Collins, Suzanne",,"=""0439023483""","=""9780439023481""",0,Scholastic Press,Hardcover,374,2008,2008,2012/03/13,2012/02/28,,,read,,,,1,0
9361589,The Night Circus,Erin Morgenstern,"Morgenstern, Erin",,"=""""","=""9780385534635""",0,Doubleday,Hardcover,506,2011,2011,2012/02/28,2011/08/06,,,read,,,,1,0
6280379,The Children's Book,A.S. Byatt,"Byatt, A.S.",,"=""0307272095""","=""9780307272096""",2,Knopf,Hardcover,675,2009,2009,2012/02/03,2011/08/25,,,read,,,,1,0
19330,The Complete Tales,Beatrix Potter,"Potter, Beatrix",,"=""072325804X""","=""9780723258049""",3,Warne,Hardcover,400,2006,1986,,2011/11/10,,,read,,,,1,0
7624,Lord of the Flies,William Golding,"Golding, William",,"=""0140283331""","=""9780140283334""",4,Penguin Books ,Paperback,182,1999,1954,2009/01/01,2011/03/30,,,read,,,,1,0
8874743,When God Was a Rabbit,Sarah Winman,"Winman, Sarah",,"=""0755379284""","=""9780755379286""",3,Headline Review,Hardcover,325,2011,2011,2011/08/27,2011/07/16,,,read,,,,1,0
43641,Water for Elephants,Sara Gruen,"Gruen, Sara",,"=""1565125606""","=""9781565125605""",5,Algonquin Books,Paperback,368,2007,2006,2011/06/21,2011/06/09,,,read,,,,1,0
5907,"The Hobbit, or There and Back Again",J.R.R. Tolkien,"Tolkien, J.R.R.","Douglas A. Anderson, Michael Hague, Jemima Catlin","=""""","=""""",4,Houghton Mifflin,Paperback,366,2002,1937,,2011/01/12,,,read,,,,1,0
24213,Alice’s Adventures in Wonderland / Through the Looking-Glass,Lewis Carroll,"Carroll, Lewis","Martin Gardner, John Tenniel","=""""","=""""",3,Penguin Group (USA),Paperback,239,2000,1871,,2011/06/09,,,read,,,,1,0
10083474,Girl on the Run,Jane Costello,"Costello, Jane",,"=""1847396267""","=""9781847396266""",2,Simon and Schuster,Paperback,455,2011,2011,2011/06/01,2011/05/15,,,read,,,,1,0
3496228,Addition,Toni Jordan,"Jordan, Toni",,"=""0340963778""","=""9780340963777""",4,Sceptre,Paperback,243,2008,2008,,2011/05/07,,,read,,,,1,0
103983,Skeleton Key (Alex Rider #3),Anthony Horowitz,"Horowitz, Anthony",,"=""0142406147""","=""9780142406144""",4,Philomel Books,Paperback,327,2006,2002,2006/01/01,2011/04/29,,,read,,,,1,0
224500,Point Blank (Alex Rider #2),Anthony Horowitz,"Horowitz, Anthony",,"=""0142406120""","=""9780142406120""",4,Penguin Puffin,Paperback,274,2001,2001,2005/01/01,2011/04/29,,,read,,,,1,0
819967,"Stormbreaker (Alex Rider, #1)",Anthony Horowitz,"Horowitz, Anthony",,"=""1844280926""","=""9781844280926""",5,Walker Books Ltd,Paperback,236,2005,2000,2005/01/01,2011/04/29,,,read,,,,1,0
28194,"Inkheart (Inkworld, #1)",Cornelia Funke,"Funke, Cornelia",Anthea Bell,"=""""","=""""",3,Scholastic Paperbacks,Paperback,563,2005,2003,2007/01/01,2011/04/29,,,read,,,,1,0
5659,The Wind in the Willows,Kenneth Grahame,"Grahame, Kenneth",Gillian Avery,"=""0143039091""","=""9780143039099""",0,Penguin Books,Paperback,197,2005,1908,2005/01/01,2011/04/29,,,read,,,,1,0
1885,Pride and Prejudice,Jane Austen,"Austen, Jane",Anna Quindlen,"=""1441341706""","=""9781441341709""",4,Modern Library,Paperback,279,2023,1813,2007/01/01,2011/04/29,,,read,,,,1,0
5899779,"Pride and Prejudice and Zombies (Pride and Prejudice and Zombies, #1)",Seth Grahame-Smith,"Grahame-Smith, Seth",,"=""1594743347""","=""9781594743344""",3,Quirk Classics,Paperback,320,2009,2009,2009/01/01,2011/04/29,,,read,,,,1,0
2863604,The Raging Quiet,Sherryl Jordan,"Jordan, Sherryl",,"=""0689827067""","=""9780689827068""",4,Simon Schuster,Paperback,318,2000,1999,2007/01/01,2011/04/29,,,read,,,,1,0
3372275,The Devil Wears Prada,Lauren Weisberger,"Weisberger, Lauren",Bernadette Dunne,"=""0736693378""","=""9780736693370""",3,Books on Tape,Audiobook,,2003,2003,2008/01/01,2011/04/29,,,read,,,,1,0
9416,"Confessions of a Shopaholic (Shopaholic, #1)",Sophie Kinsella,"Kinsella, Sophie",,"=""0440241413""","=""9780440241416""",2,Dell,Mass Market Paperback,368,2003,2000,2007/01/01,2011/04/29,,,read,,,,1,0
210918,"The Tiger in the Well (Sally Lockhart, #3)",Philip Pullman,"Pullman, Philip",,"=""0679826718""","=""9780679826712""",4,Laurel Leaf,Mass Market Paperback,416,1992,1990,2011/04/28,2011/03/24,,,read,,,,1,0
7648998,The Art of Tim Burton,Tim Burton,"Burton, Tim",Leah Gallo,"=""""","=""""",5,Steeles Publishing,Hardcover,434,2009,1999,,2011/01/12,favorites,favorites (#8),read,,,,1,0
519112,The Melancholy Death of Oyster Boy and Other Stories,Tim Burton,"Burton, Tim",,"=""0688156819""","=""9780688156817""",5,Rob Weisbach Books,Hardcover,115,1997,1997,2009/11/01,2010/02/17,favorites,favorites (#7),read,,,,1,0
128630,The Time Traveler's Wife,Audrey Niffenegger,"Niffenegger, Audrey",,"=""""","=""""",5,Vintage,Paperback,522,2005,2003,,2010/01/13,favorites,favorites (#6),read,,,,1,0
1168798,The Pirate's Daughter,Margaret Cezair-Thompson,"Cezair-Thompson, Margaret",,"=""1932961402""","=""9781932961409""",4,Unbridled Books,Hardcover,432,2007,2007,2010/06/18,2010/05/18,favorites,favorites (#5),read,,,,1,0
16793,Stardust,Neil Gaiman,"Gaiman, Neil",,"=""0061142026""","=""9780061142024""",4,Harper Perennial,Paperback,248,2006,1999,2011/01/25,2010/11/15,favorites,favorites (#4),read,,,,1,0
136251,"Harry Potter and the Deathly Hallows (Harry Potter, #7)",J.K. Rowling,"Rowling, J.K.",,"=""""","=""""",5,Arthur A. Levine Books,Hardcover,759,2007,2007,2010/11/04,2010/06/28,favorites,favorites (#3),read,,,,1,0
6202342,Her Fearful Symmetry,Audrey Niffenegger,"Niffenegger, Audrey",,"=""0224085611""","=""9780224085618""",4,Jonathan Cape Ltd,Hardcover,406,2009,2009,2010/10/17,2010/10/17,favorites,favorites (#2),read,,,,1,0
5,"Harry Potter and the Prisoner of Azkaban (Harry Potter, #3)",J.K. Rowling,"Rowling, J.K.",Mary GrandPré,"=""043965548X""","=""9780439655484""",5,Scholastic Inc.,Mass Market Paperback,547,2004,1999,,2011/01/05,favorites,favorites (#1),read,,,,1,0
7937462,"The Short Second Life of Bree Tanner (Twilight Saga, #3.5)",Stephenie Meyer,"Meyer, Stephenie",,"=""031612558X""","=""9780316125581""",2,"Little, Brown and Company",Hardcover,178,2010,2009,2010/02/10,2011/02/07,,,read,,,,1,0
4214,Life of Pi,Yann Martel,"Martel, Yann",,"=""0770430074""","=""9780770430078""",3,Seal Books,Paperback,460,2006,2001,2011/01/05,2010/11/04,,,read,,,,1,0
3018469,"Breaking Dawn (Twilight, #4)",Stephenie Meyer,"Meyer, Stephenie",,"=""1905654286""","=""9781905654284""",1,ATOM,Hardcover,768,2008,2008,2010/03/01,2010/01/13,,,read,,,,1,0
17061,Coraline,Neil Gaiman,"Gaiman, Neil",Dave McKean,"=""0061139378""","=""9780061139376""",4,William Morrow Paperbacks,Paperback,208,2006,2002,2010/06/28,2010/05/25,,,read,,,,1,0
6323,The BFG / Matilda / George's Marvellous Medicine,Roald Dahl,"Dahl, Roald",Quentin Blake,"=""0752903799""","=""9780752903798""",5,Leopard,Hardcover,560,1992,1992,1999/01/01,2010/05/19,,,read,,,,1,0
74532,George's Marvellous Medicine,Roald Dahl,"Dahl, Roald",Quentin Blake,"=""0224064908""","=""9780224064903""",5,Jonathan Cape,Hardcover,120,2003,1981,,2010/05/19,,,read,,,,1,0
6310,"Charlie and the Chocolate Factory (Charlie Bucket, #1)",Roald Dahl,"Dahl, Roald",Quentin Blake,"=""0142403881""","=""9780142403884""",4,Puffin Books,Paperback,176,2005,1964,,2010/05/19,,,read,,,,1,0
39988,Matilda,Roald Dahl,"Dahl, Roald",Quentin Blake,"=""043512398X""","=""9780435123987""",3,New Windmills,Hardcover,240,1992,1988,,2010/05/19,,,read,,,,1,0
6319,The BFG,Roald Dahl,"Dahl, Roald",Quentin Blake,"=""0141311371""","=""9780141311371""",4,Puffin Books,Paperback,199,2001,1982,,2010/05/19,,,read,,,,1,0
6689,James and the Giant Peach,Roald Dahl,"Dahl, Roald",Quentin Blake,"=""0375814248""","=""9780375814242""",5,Alfred A. Knopf ,Hardcover,176,2002,1961,,2010/05/18,,,read,,,,1,0
41899,Fantastic Beasts and Where to Find Them,Newt Scamander,"Scamander, Newt",J.K. Rowling,"=""0439321603""","=""9780439321600""",3,"Obscurous Books, Arthur A. Levine Books",Hardcover,128,2001,2001,,2010/05/18,,,read,,,,1,0
111450,Quidditch Through the Ages,J.K. Rowling,"Rowling, J.K.",Kennilworthy Whisp,"=""0439321611""","=""9780439321617""",3,Scholastic,Hardcover,105,2001,2001,,2010/05/18,,,read,,,,1,0
113436,Eragon (The Inheritance Cycle #1),Christopher Paolini,"Paolini, Christopher",,"=""0375826696""","=""9780375826696""",5,Alfred A. Knopf,Paperback,503,2005,2002,,2010/05/18,,,read,,,,1,0
15881,"Harry Potter and the Chamber of Secrets (Harry Potter, #2)",J.K. Rowling,"Rowling, J.K.",Mary GrandPré,"=""""","=""""",3,Arthur A. Levine Books,Hardcover,352,1999,1998,,2010/05/18,,,read,,,,1,0
2,"Harry Potter and the Order of the Phoenix (Harry Potter, #5)",J.K. Rowling,"Rowling, J.K.",Mary GrandPré,"=""0439686520""","=""9780439686525""",4,Scholastic Inc.,Paperback,870,2004,2003,,2010/05/18,,,read,,,,1,0
3,"Harry Potter and the Sorcerer's Stone (Harry Potter, #1)",J.K. Rowling,"Rowling, J.K.",,"=""0439554934""","=""9780439554930""",5,Scholastic Inc,Hardcover,309,2003,1997,,2010/05/18,,,read,,,,1,0
300044,"Knife Edge (Noughts & Crosses, #2)",Malorie Blackman,"Blackman, Malorie",,"=""0552548928""","=""9780552548922""",4,Corgi,Paperback,364,2005,2003,2007/03/01,2010/02/17,,,read,,,,1,0
714902,"Noughts & Crosses (Noughts & Crosses, #1)",Malorie Blackman,"Blackman, Malorie",,"=""0552555703""","=""9780552555708""",5,Corgi,Paperback,479,2006,2001,2006/12/01,2010/02/17,,,read,,,,1,0
2650712,"Eclipse (Twilight, #3)",Stephenie Meyer,"Meyer, Stephenie",,"=""1904233910""","=""9781904233916""",2,Atom,Paperback,628,2008,2007,,2010/01/13,,,read,,,,1,0
2326730,"New Moon (Twilight, #2)",Stephenie Meyer,"Meyer, Stephenie",,"=""1904233880""","=""9781904233886""",4,Atom,Paperback,563,2007,2006,,2010/01/13,,,read,,,,1,0
871224,"Twilight (Twilight, #1)",Stephenie Meyer,"Meyer, Stephenie",,"=""1904233651""","=""9781904233657""",4,Atom,Paperback,434,2007,2005,,2010/01/13,,,read,,,,1,0
